shape_id,stop_lat,stop_lon,radius
SHOPPING,42.252328,-73.776841,54
SHOPPING,42.253458,-73.794329,124
SHOPPING_NO_DSS,42.253458,-73.794329,124
SHOPPING_WARREN_END,42.253458,-73.794329,124
SHOPPING_APPLE_END,42.253458,-73.794329,124
